timestamp,uob_100g_buy,uob_100g_sell,uob_1kg_buy,uob_1kg_sell,gold_spot_usd_avg,gold_spot_cnbc,gold_spot_goldprice_org,gold_cross_validated,usdsgd_avg,usdsgd_exchangerate_api,usdsgd_frankfurter,forex_cross_validated,spot_sgd_per_gram,spot_sgd_per_kg,uob_1kg_premium_sgd,uob_1kg_premium_pct,uob_spread_sgd,uob_spread_pct
2026-02-19T11:55:55.311393Z,20234.0,20572.0,202353.0,204891.0,4983.16,4983.1162,4983.2075,True,1.2649,1.265994,1.2639,True,202.66,202660.01,-307.01,-0.15,-2538.0,-1.25
2026-02-19T12:42:16.180727Z,20230.0,20567.0,202309.0,204848.0,4985.89,4985.98,4985.805,True,1.2649,1.265994,1.2639,True,202.77,202771.06,-462.06,-0.23,-2539.0,-1.26
2026-02-19T12:43:21.934946Z,20230.0,20567.0,202309.0,204848.0,4985.42,4985.23,4985.605,True,1.2649,1.265994,1.2639,True,202.75,202751.75,-442.75,-0.22,-2539.0,-1.26
2026-02-19T13:26:42.986095Z,20238.0,20576.0,202389.0,204929.0,4985.68,4985.54,4985.81,True,1.2649,1.265994,1.2639,True,202.76,202762.22,-373.22,-0.18,-2540.0,-1.26
2026-02-19T14:32:39.635868Z,20279.0,20616.0,202797.0,205337.0,4973.05,4971.72,4974.3875,True,1.2649,1.265994,1.2639,True,202.25,202248.92,548.08,0.27,-2540.0,-1.25
2026-02-19T15:30:23.444237Z,20295.0,20633.0,202957.0,205499.0,5012.99,5012.47,5013.5025,True,1.2675,1.265994,1.2691,True,204.29,204291.98,-1334.98,-0.65,-2542.0,-1.25
2026-02-19T16:32:45.844341Z,20295.0,20633.0,202957.0,205499.0,4999.13,4997.5574,5000.695,True,1.2675,1.265994,1.2691,True,203.73,203727.15,-770.15,-0.38,-2542.0,-1.25
2026-02-19T17:36:06.881110Z,20295.0,20633.0,202957.0,205499.0,4992.71,4992.1438,4993.27,True,1.2675,1.265994,1.2691,True,203.47,203465.55,-508.55,-0.25,-2542.0,-1.25
2026-02-19T18:33:42.345557Z,20295.0,20633.0,202957.0,205499.0,4982.28,4982.29,4982.2775,True,1.2675,1.265994,1.2691,True,203.04,203040.78,-83.78,-0.04,-2542.0,-1.25
2026-02-19T19:28:35.559173Z,20295.0,20633.0,202957.0,205499.0,4989.78,4989.5,4990.0675,True,1.2675,1.265994,1.2691,True,203.35,203346.42,-389.42,-0.19,-2542.0,-1.25
2026-02-19T20:01:00.657609Z,20295.0,20633.0,202957.0,205499.0,4988.68,4988.1698,4989.1825,True,1.2675,1.265994,1.2691,True,203.3,203301.28,-344.28,-0.17,-2542.0,-1.25
2026-02-19T20:49:04.933125Z,20295.0,20633.0,202957.0,205499.0,5001.93,5001.63,5002.225,True,1.2675,1.265994,1.2691,True,203.84,203841.31,-884.31,-0.43,-2542.0,-1.25
2026-02-19T21:23:23.325267Z,20295.0,20633.0,202957.0,205499.0,4994.76,4996.85,4992.6675,True,1.2675,1.265994,1.2691,True,203.55,203549.17,-592.17,-0.29,-2542.0,-1.25
2026-02-19T21:58:46.175968Z,20295.0,20633.0,202957.0,205499.0,4995.74,4995.09,4996.39,True,1.2675,1.265994,1.2691,True,203.59,203589.15,-632.15,-0.31,-2542.0,-1.25
2026-02-19T22:45:54.786285Z,20295.0,20633.0,202957.0,205499.0,4995.4,4994.63,4996.16,True,1.2675,1.265994,1.2691,True,203.58,203575.09,-618.09,-0.3,-2542.0,-1.25
2026-02-19T23:17:27.891386Z,20295.0,20633.0,202957.0,205499.0,4996.89,4994.81,4998.97,True,1.2675,1.265994,1.2691,True,203.64,203636.02,-679.02,-0.33,-2542.0,-1.25
2026-02-19T23:49:57.818538Z,20295.0,20633.0,202957.0,205499.0,4996.44,4996.165,4996.72,True,1.2675,1.265994,1.2691,True,203.62,203617.78,-660.78,-0.32,-2542.0,-1.25
2026-02-20T01:23:12.505735Z,20307.0,20644.0,203076.0,205616.0,5008.31,5008.0509,5008.565,True,1.2689,1.268613,1.2691,True,204.31,204312.19,-1236.19,-0.61,-2540.0,-1.25
2026-02-20T03:59:02.238197Z,20287.0,20625.0,202877.0,205418.0,4990.88,4990.79,4990.96,True,1.2689,1.268613,1.2691,True,203.6,203601.02,-724.02,-0.36,-2541.0,-1.25
2026-02-20T05:20:02.988939Z,20307.0,20645.0,203081.0,205622.0,4999.37,4999.15,4999.5825,True,1.2689,1.268613,1.2691,True,203.95,203947.41,-866.41,-0.42,-2541.0,-1.25
2026-02-20T06:11:53.192805Z,20323.0,20660.0,203236.0,205778.0,5017.58,5017.1,5018.065,True,1.2689,1.268613,1.2691,True,204.69,204690.54,-1454.54,-0.71,-2542.0,-1.25
2026-02-20T07:17:05.493499Z,20393.0,20731.0,203938.0,206480.0,5022.59,5022.1714,5023.0,True,1.2689,1.268613,1.2691,True,204.89,204894.64,-956.64,-0.47,-2542.0,-1.25
2026-02-20T08:00:20.537962Z,20360.0,20698.0,203612.0,206154.0,5006.36,5005.61,5007.11,True,1.2689,1.268613,1.2691,True,204.23,204232.72,-620.72,-0.3,-2542.0,-1.25
2026-02-20T08:58:36.096386Z,20409.0,20747.0,204100.0,206643.0,5030.02,5029.79,5030.2475,True,1.2689,1.268613,1.2691,True,205.2,205197.87,-1097.87,-0.54,-2543.0,-1.25
2026-02-20T09:54:33.779871Z,20421.0,20759.0,204223.0,206766.0,5032.73,5032.79,5032.67,True,1.2689,1.268613,1.2691,True,205.31,205308.48,-1085.48,-0.53,-2543.0,-1.25
2026-02-20T10:48:30.958299Z,20446.0,20784.0,204467.0,207011.0,5026.17,5026.07,5026.2775,True,1.2689,1.268613,1.2691,True,205.04,205041.02,-574.02,-0.28,-2544.0,-1.24
2026-02-20T11:23:12.930984Z,20446.0,20784.0,204467.0,207011.0,5028.27,5028.041,5028.49,True,1.2689,1.268613,1.2691,True,205.13,205126.35,-659.35,-0.32,-2544.0,-1.24
2026-02-20T11:56:10.475907Z,20446.0,20784.0,204467.0,207011.0,5019.58,5019.45,5019.7025,True,1.2689,1.268613,1.2691,True,204.77,204771.87,-304.87,-0.15,-2544.0,-1.24
2026-02-20T13:18:41.744319Z,20389.0,20727.0,203896.0,206439.0,5029.15,5029.05,5029.245,True,1.2689,1.268613,1.2691,True,205.16,205162.33,-1266.33,-0.62,-2543.0,-1.25
2026-02-20T14:09:27.133897Z,20478.0,20816.0,204793.0,207338.0,5045.48,5045.32,5045.635,True,1.2689,1.268613,1.2691,True,205.83,205828.51,-1035.51,-0.5,-2545.0,-1.24
2026-02-20T15:02:14.734933Z,20511.0,20849.0,205120.0,207664.0,5058.1,5062.79,5053.4075,True,1.2688,1.268613,1.2689,True,206.33,206327.12,-1207.12,-0.59,-2544.0,-1.24
2026-02-20T15:52:38.715666Z,20511.0,20849.0,205120.0,207664.0,5039.76,5040.48,5039.0475,True,1.2688,1.268613,1.2689,True,205.58,205579.21,-459.21,-0.22,-2544.0,-1.24
2026-02-20T16:51:30.209042Z,20511.0,20849.0,205120.0,207664.0,5065.69,5065.19,5066.185,True,1.2688,1.268613,1.2689,True,206.64,206636.68,-1516.68,-0.73,-2544.0,-1.24
2026-02-20T17:44:32.028009Z,20511.0,20849.0,205120.0,207664.0,5069.36,5069.03,5069.6975,True,1.2688,1.268613,1.2689,True,206.79,206786.64,-1666.64,-0.81,-2544.0,-1.24
2026-02-20T18:27:23.755609Z,20511.0,20849.0,205120.0,207664.0,5060.78,5058.59,5062.98,True,1.2688,1.268613,1.2689,True,206.44,206436.7,-1316.7,-0.64,-2544.0,-1.24
2026-02-20T19:23:00.184810Z,20511.0,20849.0,205120.0,207664.0,5073.65,5073.49,5073.8025,True,1.2688,1.268613,1.2689,True,206.96,206961.33,-1841.33,-0.89,-2544.0,-1.24
2026-02-20T19:54:58.225014Z,20511.0,20849.0,205120.0,207664.0,5074.98,5074.72,5075.2425,True,1.2688,1.268613,1.2689,True,207.02,207015.78,-1895.78,-0.92,-2544.0,-1.24
2026-02-20T20:41:46.209081Z,20511.0,20849.0,205120.0,207664.0,5085.4,5085.19,5085.605,True,1.2688,1.268613,1.2689,True,207.44,207440.68,-2320.68,-1.12,-2544.0,-1.24
2026-02-20T21:11:03.386002Z,20511.0,20849.0,205120.0,207664.0,5092.16,5091.4712,5092.85,True,1.2688,1.268613,1.2689,True,207.72,207716.55,-2596.55,-1.25,-2544.0,-1.24
2026-02-20T21:45:27.089217Z,20511.0,20849.0,205120.0,207664.0,5099.81,5099.63,5099.985,True,1.2688,1.268613,1.2689,True,208.03,208028.48,-2908.48,-1.4,-2544.0,-1.24
2026-02-20T22:00:33.313751Z,20511.0,20849.0,205120.0,207664.0,5105.2,5103.49,5106.9075,True,1.2688,1.268613,1.2689,True,208.25,208248.4,-3128.4,-1.5,-2544.0,-1.24
2026-02-20T22:46:28.770029Z,20511.0,20849.0,205120.0,207664.0,5105.09,5103.49,5106.68,True,1.2688,1.268613,1.2689,True,208.24,208243.76,-3123.76,-1.5,-2544.0,-1.24
2026-02-20T23:16:15.652021Z,20511.0,20849.0,205120.0,207664.0,5105.09,5103.49,5106.68,True,1.2688,1.268613,1.2689,True,208.24,208243.76,-3123.76,-1.5,-2544.0,-1.24
2026-02-20T23:47:50.583659Z,20511.0,20849.0,205120.0,207664.0,5105.09,5103.49,5106.68,True,1.2688,1.268613,1.2689,True,208.24,208243.76,-3123.76,-1.5,-2544.0,-1.24
2026-02-21T00:55:40.693610Z,20511.0,20849.0,205120.0,207664.0,5105.09,5103.49,5106.68,True,1.2682,1.267575,1.2689,True,208.16,208158.58,-3038.58,-1.46,-2544.0,-1.24
2026-02-21T03:26:48.399433Z,20511.0,20849.0,205120.0,207664.0,5105.09,5103.49,5106.68,True,1.2682,1.267575,1.2689,True,208.16,208158.58,-3038.58,-1.46,-2544.0,-1.24
2026-02-21T04:52:52.679551Z,20511.0,20849.0,205120.0,207664.0,5105.09,5103.49,5106.68,True,1.2682,1.267575,1.2689,True,208.16,208158.58,-3038.58,-1.46,-2544.0,-1.24
2026-02-21T05:49:20.814786Z,20511.0,20849.0,205120.0,207664.0,5105.09,5103.49,5106.68,True,1.2682,1.267575,1.2689,True,208.16,208158.58,-3038.58,-1.46,-2544.0,-1.24
2026-02-21T06:31:24.096486Z,20511.0,20849.0,205120.0,207664.0,5105.09,5103.49,5106.68,True,1.2682,1.267575,1.2689,True,208.16,208158.58,-3038.58,-1.46,-2544.0,-1.24
2026-02-21T07:19:39.594779Z,20511.0,20849.0,205120.0,207664.0,5105.09,5103.49,5106.68,True,1.2682,1.267575,1.2689,True,208.16,208158.58,-3038.58,-1.46,-2544.0,-1.24
2026-02-21T07:49:27.475988Z,20511.0,20849.0,205120.0,207664.0,5105.09,5103.49,5106.68,True,1.2682,1.267575,1.2689,True,208.16,208158.58,-3038.58,-1.46,-2544.0,-1.24
2026-02-21T08:20:41.435843Z,20511.0,20849.0,205120.0,207664.0,5105.09,5103.49,5106.68,True,1.2682,1.267575,1.2689,True,208.16,208158.58,-3038.58,-1.46,-2544.0,-1.24
2026-02-21T08:57:56.257804Z,20511.0,20849.0,205120.0,207664.0,5105.09,5103.49,5106.68,True,1.2682,1.267575,1.2689,True,208.16,208158.58,-3038.58,-1.46,-2544.0,-1.24
2026-02-21T09:39:49.245037Z,20511.0,20849.0,205120.0,207664.0,5105.09,5103.49,5106.68,True,1.2682,1.267575,1.2689,True,208.16,208158.58,-3038.58,-1.46,-2544.0,-1.24
2026-02-21T09:59:17.426407Z,20511.0,20849.0,205120.0,207664.0,5105.09,5103.49,5106.68,True,1.2682,1.267575,1.2689,True,208.16,208158.58,-3038.58,-1.46,-2544.0,-1.24
2026-02-21T10:39:41.563622Z,20511.0,20849.0,205120.0,207664.0,5105.09,5103.49,5106.68,True,1.2682,1.267575,1.2689,True,208.16,208158.58,-3038.58,-1.46,-2544.0,-1.24
2026-02-21T11:00:42.463295Z,20511.0,20849.0,205120.0,207664.0,5105.09,5103.49,5106.68,True,1.2682,1.267575,1.2689,True,208.16,208158.58,-3038.58,-1.46,-2544.0,-1.24
2026-02-21T11:33:50.153169Z,20511.0,20849.0,205120.0,207664.0,5105.09,5103.49,5106.68,True,1.2682,1.267575,1.2689,True,208.16,208158.58,-3038.58,-1.46,-2544.0,-1.24
2026-02-21T11:53:09.641574Z,20511.0,20849.0,205120.0,207664.0,5105.09,5103.49,5106.68,True,1.2682,1.267575,1.2689,True,208.16,208158.58,-3038.58,-1.46,-2544.0,-1.24
2026-02-21T13:04:27.723788Z,20511.0,20849.0,205120.0,207664.0,5105.09,5103.49,5106.68,True,1.2682,1.267575,1.2689,True,208.16,208158.58,-3038.58,-1.46,-2544.0,-1.24
2026-02-21T13:51:34.526523Z,20511.0,20849.0,205120.0,207664.0,5105.09,5103.49,5106.68,True,1.2682,1.267575,1.2689,True,208.16,208158.58,-3038.58,-1.46,-2544.0,-1.24
2026-02-21T14:34:13.922141Z,20511.0,20849.0,205120.0,207664.0,5105.09,5103.49,5106.68,True,1.2682,1.267575,1.2689,True,208.16,208158.58,-3038.58,-1.46,-2544.0,-1.24
2026-02-21T14:57:31.272371Z,20511.0,20849.0,205120.0,207664.0,5105.09,5103.49,5106.68,True,1.2682,1.267575,1.2689,True,208.16,208158.58,-3038.58,-1.46,-2544.0,-1.24
2026-02-21T15:35:20.845539Z,20511.0,20849.0,205120.0,207664.0,5105.09,5103.49,5106.68,True,1.2682,1.267575,1.2689,True,208.16,208158.58,-3038.58,-1.46,-2544.0,-1.24
2026-02-21T15:55:43.563291Z,20511.0,20849.0,205120.0,207664.0,5105.09,5103.49,5106.68,True,1.2682,1.267575,1.2689,True,208.16,208158.58,-3038.58,-1.46,-2544.0,-1.24
2026-02-21T16:40:07.753463Z,20511.0,20849.0,205120.0,207664.0,5105.09,5103.49,5106.68,True,1.2682,1.267575,1.2689,True,208.16,208158.58,-3038.58,-1.46,-2544.0,-1.24
2026-02-21T17:03:26.920298Z,20511.0,20849.0,205120.0,207664.0,5105.09,5103.49,5106.68,True,1.2682,1.267575,1.2689,True,208.16,208158.58,-3038.58,-1.46,-2544.0,-1.24
2026-02-21T17:40:04.219234Z,20511.0,20849.0,205120.0,207664.0,5105.09,5103.49,5106.68,True,1.2682,1.267575,1.2689,True,208.16,208158.58,-3038.58,-1.46,-2544.0,-1.24
2026-02-21T17:59:28.288586Z,20511.0,20849.0,205120.0,207664.0,5105.09,5103.49,5106.68,True,1.2682,1.267575,1.2689,True,208.16,208158.58,-3038.58,-1.46,-2544.0,-1.24
2026-02-21T18:51:25.392354Z,20511.0,20849.0,205120.0,207664.0,5105.09,5103.49,5106.68,True,1.2682,1.267575,1.2689,True,208.16,208158.58,-3038.58,-1.46,-2544.0,-1.24
2026-02-21T19:31:24.090309Z,20511.0,20849.0,205120.0,207664.0,5105.09,5103.49,5106.68,True,1.2682,1.267575,1.2689,True,208.16,208158.58,-3038.58,-1.46,-2544.0,-1.24
2026-02-21T19:53:39.754144Z,20511.0,20849.0,205120.0,207664.0,5105.09,5103.49,5106.68,True,1.2682,1.267575,1.2689,True,208.16,208158.58,-3038.58,-1.46,-2544.0,-1.24
2026-02-21T20:34:15.028857Z,20511.0,20849.0,205120.0,207664.0,5105.09,5103.49,5106.68,True,1.2682,1.267575,1.2689,True,208.16,208158.58,-3038.58,-1.46,-2544.0,-1.24
2026-02-21T20:56:27.288674Z,20511.0,20849.0,205120.0,207664.0,5105.09,5103.49,5106.68,True,1.2682,1.267575,1.2689,True,208.16,208158.58,-3038.58,-1.46,-2544.0,-1.24
2026-02-21T21:33:09.052655Z,20511.0,20849.0,205120.0,207664.0,5105.09,5103.49,5106.68,True,1.2682,1.267575,1.2689,True,208.16,208158.58,-3038.58,-1.46,-2544.0,-1.24
2026-02-21T21:55:06.459627Z,20511.0,20849.0,205120.0,207664.0,5105.09,5103.49,5106.68,True,1.2682,1.267575,1.2689,True,208.16,208158.58,-3038.58,-1.46,-2544.0,-1.24
2026-02-21T22:33:08.547643Z,20511.0,20849.0,205120.0,207664.0,5105.09,5103.49,5106.68,True,1.2682,1.267575,1.2689,True,208.16,208158.58,-3038.58,-1.46,-2544.0,-1.24
2026-02-21T22:57:34.210072Z,20511.0,20849.0,205120.0,207664.0,5105.09,5103.49,5106.68,True,1.2682,1.267575,1.2689,True,208.16,208158.58,-3038.58,-1.46,-2544.0,-1.24
2026-02-21T23:33:59.464732Z,20511.0,20849.0,205120.0,207664.0,5105.09,5103.49,5106.68,True,1.2682,1.267575,1.2689,True,208.16,208158.58,-3038.58,-1.46,-2544.0,-1.24
2026-02-21T23:55:06.483090Z,20511.0,20849.0,205120.0,207664.0,5105.09,5103.49,5106.68,True,1.2682,1.267575,1.2689,True,208.16,208158.58,-3038.58,-1.46,-2544.0,-1.24
2026-02-22T02:50:28.079115Z,20511.0,20849.0,205120.0,207664.0,5105.09,5103.49,5106.68,True,1.2684,1.267892,1.2689,True,208.18,208184.59,-3064.59,-1.47,-2544.0,-1.24
2026-02-22T04:56:08.968852Z,20511.0,20849.0,205120.0,207664.0,5105.09,5103.49,5106.68,True,1.2684,1.267892,1.2689,True,208.18,208184.59,-3064.59,-1.47,-2544.0,-1.24
2026-02-22T05:58:15.019083Z,20511.0,20849.0,205120.0,207664.0,5105.09,5103.49,5106.68,True,1.2684,1.267892,1.2689,True,208.18,208184.59,-3064.59,-1.47,-2544.0,-1.24
2026-02-22T07:01:12.364148Z,20511.0,20849.0,205120.0,207664.0,5105.09,5103.49,5106.68,True,1.2684,1.267892,1.2689,True,208.18,208184.59,-3064.59,-1.47,-2544.0,-1.24
2026-02-22T07:48:34.762353Z,20511.0,20849.0,205120.0,207664.0,5105.09,5103.49,5106.68,True,1.2684,1.267892,1.2689,True,208.18,208184.59,-3064.59,-1.47,-2544.0,-1.24
2026-02-22T08:19:20.593802Z,20511.0,20849.0,205120.0,207664.0,5105.09,5103.49,5106.68,True,1.2684,1.267892,1.2689,True,208.18,208184.59,-3064.59,-1.47,-2544.0,-1.24
2026-02-22T08:53:49.403015Z,20511.0,20849.0,205120.0,207664.0,5105.09,5103.49,5106.68,True,1.2684,1.267892,1.2689,True,208.18,208184.59,-3064.59,-1.47,-2544.0,-1.24
2026-02-22T09:39:01.280913Z,20511.0,20849.0,205120.0,207664.0,5105.09,5103.49,5106.68,True,1.2684,1.267892,1.2689,True,208.18,208184.59,-3064.59,-1.47,-2544.0,-1.24
2026-02-22T09:59:07.131780Z,20511.0,20849.0,205120.0,207664.0,5105.09,5103.49,5106.68,True,1.2684,1.267892,1.2689,True,208.18,208184.59,-3064.59,-1.47,-2544.0,-1.24
2026-02-22T10:38:19.301586Z,20511.0,20849.0,205120.0,207664.0,5105.09,5103.49,5106.68,True,1.2684,1.267892,1.2689,True,208.18,208184.59,-3064.59,-1.47,-2544.0,-1.24
2026-02-22T10:59:27.953408Z,20511.0,20849.0,205120.0,207664.0,5105.09,5103.49,5106.68,True,1.2684,1.267892,1.2689,True,208.18,208184.59,-3064.59,-1.47,-2544.0,-1.24
2026-02-22T11:32:26.059450Z,20511.0,20849.0,205120.0,207664.0,5105.09,5103.49,5106.68,True,1.2684,1.267892,1.2689,True,208.18,208184.59,-3064.59,-1.47,-2544.0,-1.24
2026-02-22T11:53:59.038105Z,20511.0,20849.0,205120.0,207664.0,5105.09,5103.49,5106.68,True,1.2684,1.267892,1.2689,True,208.18,208184.59,-3064.59,-1.47,-2544.0,-1.24
2026-02-22T13:06:10.752459Z,20511.0,20849.0,205120.0,207664.0,5105.09,5103.49,5106.68,True,1.2684,1.267892,1.2689,True,208.18,208184.59,-3064.59,-1.47,-2544.0,-1.24
2026-02-22T13:52:10.620029Z,20511.0,20849.0,205120.0,207664.0,5105.09,5103.49,5106.68,True,1.2684,1.267892,1.2689,True,208.18,208184.59,-3064.59,-1.47,-2544.0,-1.24
2026-02-22T14:33:58.616336Z,20511.0,20849.0,205120.0,207664.0,5105.09,5103.49,5106.68,True,1.2684,1.267892,1.2689,True,208.18,208184.59,-3064.59,-1.47,-2544.0,-1.24
2026-02-22T14:58:03.003981Z,20511.0,20849.0,205120.0,207664.0,5105.09,5103.49,5106.68,True,1.2684,1.267892,1.2689,True,208.18,208184.59,-3064.59,-1.47,-2544.0,-1.24
2026-02-22T15:35:30.682739Z,20511.0,20849.0,205120.0,207664.0,5105.09,5103.49,5106.68,True,1.2684,1.267892,1.2689,True,208.18,208184.59,-3064.59,-1.47,-2544.0,-1.24
2026-02-22T15:57:06.164609Z,20511.0,20849.0,205120.0,207664.0,5105.09,5103.49,5106.68,True,1.2684,1.267892,1.2689,True,208.18,208184.59,-3064.59,-1.47,-2544.0,-1.24
2026-02-22T16:42:12.956752Z,20511.0,20849.0,205120.0,207664.0,5105.09,5103.49,5106.68,True,1.2684,1.267892,1.2689,True,208.18,208184.59,-3064.59,-1.47,-2544.0,-1.24
2026-02-22T17:13:34.540123Z,20511.0,20849.0,205120.0,207664.0,5105.09,5103.49,5106.68,True,1.2684,1.267892,1.2689,True,208.18,208184.59,-3064.59,-1.47,-2544.0,-1.24
2026-02-22T17:46:24.573880Z,20511.0,20849.0,205120.0,207664.0,5105.09,5103.49,5106.68,True,1.2684,1.267892,1.2689,True,208.18,208184.59,-3064.59,-1.47,-2544.0,-1.24
2026-02-22T18:01:55.017460Z,20511.0,20849.0,205120.0,207664.0,5105.09,5103.49,5106.68,True,1.2684,1.267892,1.2689,True,208.18,208184.59,-3064.59,-1.47,-2544.0,-1.24
2026-02-22T18:54:07.478239Z,20511.0,20849.0,205120.0,207664.0,5105.09,5103.49,5106.68,True,1.2684,1.267892,1.2689,True,208.18,208184.59,-3064.59,-1.47,-2544.0,-1.24
2026-02-22T19:32:32.513782Z,20511.0,20849.0,205120.0,207664.0,5105.09,5103.49,5106.68,True,1.2684,1.267892,1.2689,True,208.18,208184.59,-3064.59,-1.47,-2544.0,-1.24
2026-02-22T19:53:49.378392Z,20511.0,20849.0,205120.0,207664.0,5105.09,5103.49,5106.68,True,1.2684,1.267892,1.2689,True,208.18,208184.59,-3064.59,-1.47,-2544.0,-1.24
2026-02-22T20:35:57.140064Z,20511.0,20849.0,205120.0,207664.0,5105.09,5103.49,5106.68,True,1.2684,1.267892,1.2689,True,208.18,208184.59,-3064.59,-1.47,-2544.0,-1.24
2026-02-22T20:58:10.481274Z,20511.0,20849.0,205120.0,207664.0,5105.09,5103.49,5106.68,True,1.2684,1.267892,1.2689,True,208.18,208184.59,-3064.59,-1.47,-2544.0,-1.24
2026-02-22T21:34:19.501921Z,20511.0,20849.0,205120.0,207664.0,5105.09,5103.49,5106.68,True,1.2684,1.267892,1.2689,True,208.18,208184.59,-3064.59,-1.47,-2544.0,-1.24
2026-02-22T21:55:20.029852Z,20511.0,20849.0,205120.0,207664.0,5105.09,5103.49,5106.68,True,1.2684,1.267892,1.2689,True,208.18,208184.59,-3064.59,-1.47,-2544.0,-1.24
2026-02-22T22:33:43.287182Z,20511.0,20849.0,205120.0,207664.0,5105.09,5103.49,5106.68,True,1.2684,1.267892,1.2689,True,208.18,208184.59,-3064.59,-1.47,-2544.0,-1.24
2026-02-22T22:59:08.032088Z,20511.0,20849.0,205120.0,207664.0,5105.09,5103.49,5106.68,True,1.2684,1.267892,1.2689,True,208.18,208184.59,-3064.59,-1.47,-2544.0,-1.24
2026-02-22T23:36:48.157142Z,20511.0,20849.0,205120.0,207664.0,5149.09,5148.67,5149.5,True,1.2684,1.267892,1.2689,True,209.98,209978.9,-4858.9,-2.31,-2544.0,-1.24
2026-02-22T23:57:54.164542Z,20511.0,20849.0,205120.0,207664.0,5167.24,5166.91,5167.565,True,1.2684,1.267892,1.2689,True,210.72,210719.16,-5599.16,-2.66,-2544.0,-1.24
2026-02-23T03:14:16.988493Z,20919.0,21257.0,209202.0,211746.0,5158.48,5156.09,5160.875,True,1.2676,1.266266,1.2689,True,210.23,210227.3,-1025.3,-0.49,-2544.0,-1.22
2026-02-23T05:12:05.657755Z,20849.0,21187.0,208504.0,211047.0,5158.08,5158.04,5158.1175,True,1.2676,1.266266,1.2689,True,210.21,210210.84,-1706.84,-0.81,-2543.0,-1.22
2026-02-23T06:37:33.222794Z,20836.0,21174.0,208373.0,210915.0,5154.22,5152.43,5156.01,True,1.2676,1.266266,1.2689,True,210.05,210053.58,-1680.58,-0.8,-2542.0,-1.22
2026-02-23T07:42:05.837516Z,20735.0,21072.0,207357.0,209898.0,5133.27,5133.478,5133.07,True,1.2676,1.266266,1.2689,True,209.2,209199.96,-1842.96,-0.88,-2541.0,-1.23
2026-02-23T08:32:28.879786Z,20735.0,21072.0,207357.0,209898.0,5124.76,5125.48,5124.035,True,1.2676,1.266266,1.2689,True,208.85,208852.88,-1495.88,-0.72,-2541.0,-1.23
2026-02-23T09:36:40.827011Z,20792.0,21129.0,207926.0,210468.0,5146.45,5146.09,5146.8025,True,1.2676,1.266266,1.2689,True,209.74,209736.77,-1810.77,-0.86,-2542.0,-1.22
2026-02-23T10:34:38.352139Z,20816.0,21154.0,208171.0,210714.0,5147.82,5146.98,5148.6675,True,1.2676,1.266266,1.2689,True,209.79,209792.91,-1621.91,-0.77,-2543.0,-1.22
2026-02-23T11:26:26.850681Z,20878.0,21216.0,208791.0,211336.0,5151.07,5151.48,5150.66,True,1.2676,1.266266,1.2689,True,209.93,209925.21,-1134.21,-0.54,-2545.0,-1.22
2026-02-23T12:02:26.374417Z,20841.0,21179.0,208417.0,210962.0,5153.66,5153.6856,5153.6325,True,1.2676,1.266266,1.2689,True,210.03,210030.72,-1613.72,-0.77,-2545.0,-1.22
2026-02-23T13:41:34.446520Z,20865.0,21203.0,208662.0,211208.0,5149.23,5149.09,5149.3775,True,1.2676,1.266266,1.2689,True,209.85,209850.38,-1188.38,-0.57,-2546.0,-1.22
2026-02-23T14:37:53.146152Z,20902.0,21240.0,209027.0,211573.0,5174.05,5171.29,5176.8,True,1.2676,1.266266,1.2689,True,210.86,210861.53,-1834.53,-0.87,-2546.0,-1.22
2026-02-23T15:31:51.250788Z,21024.0,21362.0,210247.0,212795.0,5196.95,5196.13,5197.7725,True,1.2663,1.266266,1.2664,True,211.59,211586.18,-1339.18,-0.63,-2548.0,-1.21
2026-02-23T16:35:37.003676Z,21024.0,21362.0,210247.0,212795.0,5209.73,5208.3105,5211.1475,True,1.2663,1.266266,1.2664,True,212.11,212106.41,-1859.41,-0.88,-2548.0,-1.21
2026-02-23T17:45:53.543217Z,21024.0,21362.0,210247.0,212795.0,5200.16,5200.7339,5199.5825,True,1.2663,1.266266,1.2664,True,211.72,211716.75,-1469.75,-0.69,-2548.0,-1.21
2026-02-23T18:43:26.945490Z,21024.0,21362.0,210247.0,212795.0,5207.18,5207.66,5206.6925,True,1.2663,1.266266,1.2664,True,212.0,212002.48,-1755.48,-0.83,-2548.0,-1.21
2026-02-23T19:47:42.479295Z,21024.0,21362.0,210247.0,212795.0,5217.21,5217.26,5217.155,True,1.2663,1.266266,1.2664,True,212.41,212410.89,-2163.89,-1.02,-2548.0,-1.21
2026-02-23T20:30:31.521015Z,21024.0,21362.0,210247.0,212795.0,5225.04,5225.09,5224.995,True,1.2663,1.266266,1.2664,True,212.73,212729.88,-2482.88,-1.17,-2548.0,-1.21
2026-02-23T21:26:33.068129Z,21024.0,21362.0,210247.0,212795.0,5230.6,5230.4,5230.795,True,1.2663,1.266266,1.2664,True,212.96,212956.04,-2709.04,-1.27,-2548.0,-1.21
2026-02-23T22:10:37.365963Z,21024.0,21362.0,210247.0,212795.0,5227.8,5227.79,5227.805,True,1.2663,1.266266,1.2664,True,212.84,212842.04,-2595.04,-1.22,-2548.0,-1.21
2026-02-23T23:04:36.758447Z,21024.0,21362.0,210247.0,212795.0,5236.92,5246.03,5227.805,True,1.2663,1.266266,1.2664,True,213.21,213213.35,-2966.35,-1.39,-2548.0,-1.21
2026-02-23T23:46:37.382771Z,21024.0,21362.0,210247.0,212795.0,5239.1,5238.58,5239.62,True,1.2663,1.266266,1.2664,True,213.3,213302.21,-3055.21,-1.43,-2548.0,-1.21
2026-02-24T00:54:49.018359Z,21154.0,21493.0,211551.0,214101.0,5226.81,5226.45,5227.175,True,1.2662,1.266028,1.2664,True,212.78,212781.94,-1230.94,-0.58,-2550.0,-1.21
2026-02-24T03:39:20.350900Z,20959.0,21297.0,209599.0,212147.0,5187.0,5186.72,5187.285,True,1.2662,1.266028,1.2664,True,211.16,211161.29,-1562.29,-0.74,-2548.0,-1.22
2026-02-24T05:13:05.475979Z,20906.0,21245.0,209071.0,211619.0,5172.0,5172.7131,5171.295,True,1.2662,1.266028,1.2664,True,210.55,210550.71,-1479.71,-0.7,-2548.0,-1.22
2026-02-24T06:15:41.591562Z,20967.0,21306.0,209682.0,212231.0,5182.19,5181.65,5182.7275,True,1.2662,1.266028,1.2664,True,210.97,210965.32,-1283.32,-0.61,-2549.0,-1.22
2026-02-24T07:30:43.706709Z,20927.0,21265.0,209275.0,211823.0,5182.66,5182.29,5183.02,True,1.2662,1.266028,1.2664,True,210.98,210984.3,-1709.3,-0.81,-2548.0,-1.22
2026-02-24T08:27:35.134115Z,20964.0,21303.0,209650.0,212200.0,5172.93,5172.71,5173.15,True,1.2662,1.266028,1.2664,True,210.59,210588.4,-938.4,-0.45,-2550.0,-1.22
2026-02-24T09:32:01.951075Z,20979.0,21318.0,209804.0,212353.0,5169.91,5169.6,5170.22,True,1.2662,1.266028,1.2664,True,210.47,210465.46,-661.46,-0.31,-2549.0,-1.21
2026-02-24T10:31:18.628015Z,20939.0,21277.0,209396.0,211943.0,5169.43,5168.98,5169.8875,True,1.2662,1.266028,1.2664,True,210.45,210446.07,-1050.07,-0.5,-2547.0,-1.22
2026-02-24T11:27:20.530353Z,20918.0,21256.0,209191.0,211738.0,5173.59,5173.6094,5173.565,True,1.2662,1.266028,1.2664,True,210.62,210615.16,-1424.16,-0.68,-2547.0,-1.22
2026-02-24T12:04:17.088845Z,20918.0,21256.0,209191.0,211738.0,5170.28,5169.84,5170.715,True,1.2662,1.266028,1.2664,True,210.48,210480.42,-1289.42,-0.61,-2547.0,-1.22
2026-02-24T13:42:43.827180Z,20886.0,21224.0,208868.0,211415.0,5146.09,5146.37,5145.805,True,1.2662,1.266028,1.2664,True,209.5,209495.65,-627.65,-0.3,-2547.0,-1.22
2026-02-24T14:42:09.847609Z,20731.0,21069.0,207321.0,209867.0,5131.29,5132.9653,5129.62,True,1.2662,1.266028,1.2664,True,208.89,208893.36,-1572.36,-0.75,-2546.0,-1.23
2026-02-24T15:42:25.493310Z,20772.0,21110.0,207728.0,210275.0,5146.32,5146.42,5146.2275,True,1.2667,1.266028,1.2673,True,209.58,209579.73,-1851.73,-0.88,-2547.0,-1.23
2026-02-24T16:49:48.796897Z,20772.0,21110.0,207728.0,210275.0,5136.3,5135.69,5136.915,True,1.2667,1.266028,1.2673,True,209.17,209171.62,-1443.62,-0.69,-2547.0,-1.23
2026-02-24T17:52:13.099308Z,20772.0,21110.0,207728.0,210275.0,5158.17,5157.7169,5158.615,True,1.2667,1.266028,1.2673,True,210.06,210061.99,-2333.99,-1.11,-2547.0,-1.23
2026-02-24T19:12:48.946279Z,20772.0,21110.0,207728.0,210275.0,5153.49,5152.46,5154.53,True,1.2667,1.266028,1.2673,True,209.87,209871.77,-2143.77,-1.02,-2547.0,-1.23
2026-02-24T19:54:50.903530Z,20772.0,21110.0,207728.0,210275.0,5153.7,5154.78,5152.625,True,1.2667,1.266028,1.2673,True,209.88,209880.22,-2152.22,-1.03,-2547.0,-1.23
2026-02-24T20:46:03.649061Z,20772.0,21110.0,207728.0,210275.0,5171.53,5171.75,5171.32,True,1.2667,1.266028,1.2673,True,210.61,210606.43,-2878.43,-1.37,-2547.0,-1.23
2026-02-24T21:21:39.578262Z,20772.0,21110.0,207728.0,210275.0,5157.86,5157.63,5158.0975,True,1.2667,1.266028,1.2673,True,210.05,210049.68,-2321.68,-1.11,-2547.0,-1.23
2026-02-24T22:01:01.173025Z,20772.0,21110.0,207728.0,210275.0,5142.57,5141.17,5143.9775,True,1.2667,1.266028,1.2673,True,209.43,209427.01,-1699.01,-0.81,-2547.0,-1.23
2026-02-24T23:39:46.098626Z,20772.0,21110.0,207728.0,210275.0,5135.43,5134.82,5136.0375,True,1.2667,1.266028,1.2673,True,209.14,209136.04,-1408.04,-0.67,-2547.0,-1.23
2026-02-25T00:03:05.849792Z,20866.0,21204.0,208671.0,211217.0,5147.21,5148.93,5145.4825,True,1.2667,1.266028,1.2673,True,209.62,209615.67,-944.67,-0.45,-2546.0,-1.22
2026-02-25T03:14:36.340685Z,20975.0,21313.0,209757.0,212303.0,5185.34,5185.18,5185.5075,True,1.2671,1.266954,1.2673,True,211.25,211245.97,-1488.97,-0.7,-2546.0,-1.21
2026-02-25T05:07:47.689309Z,20942.0,21280.0,209432.0,211978.0,5190.4,5190.29,5190.5,True,1.2671,1.266954,1.2673,True,211.45,211451.75,-2019.75,-0.96,-2546.0,-1.22
2026-02-25T06:16:47.236073Z,20966.0,21304.0,209673.0,212217.0,5194.16,5196.49,5191.8325,True,1.2671,1.266954,1.2673,True,211.61,211605.19,-1932.19,-0.91,-2544.0,-1.21
2026-02-25T07:31:13.832351Z,20966.0,21304.0,209673.0,212217.0,5188.99,5188.76,5189.215,True,1.2671,1.266954,1.2673,True,211.39,211394.41,-1721.41,-0.81,-2544.0,-1.21
2026-02-25T08:27:56.295238Z,20966.0,21304.0,209673.0,212217.0,5190.15,5190.02,5190.285,True,1.2671,1.266954,1.2673,True,211.44,211441.88,-1768.88,-0.84,-2544.0,-1.21
2026-02-25T09:32:02.186546Z,20954.0,21292.0,209554.0,212100.0,5185.97,5185.39,5186.545,True,1.2671,1.266954,1.2673,True,211.27,211271.38,-1717.38,-0.81,-2546.0,-1.21
2026-02-25T10:34:17.436934Z,20963.0,21301.0,209637.0,212184.0,5171.85,5171.66,5172.0425,True,1.2671,1.266954,1.2673,True,210.7,210696.3,-1059.3,-0.5,-2547.0,-1.21
2026-02-25T11:27:11.927693Z,20902.0,21240.0,209027.0,211573.0,5165.42,5164.389,5166.4575,True,1.2671,1.266954,1.2673,True,210.43,210434.43,-1407.43,-0.67,-2546.0,-1.22
2026-02-25T12:03:28.948034Z,20902.0,21240.0,209027.0,211573.0,5180.91,5180.51,5181.31,True,1.2671,1.266954,1.2673,True,211.07,211065.34,-2038.34,-0.97,-2546.0,-1.22
2026-02-25T12:10:48.498236Z,20902.0,21240.0,209027.0,211573.0,5181.57,5181.57,5181.5725,True,1.2671,1.266954,1.2673,True,211.09,211092.28,-2065.28,-0.98,-2546.0,-1.22
2026-02-25T12:11:52.226627Z,20902.0,21240.0,209027.0,211573.0,5181.63,5181.3385,5181.93,True,1.2671,1.266954,1.2673,True,211.09,211094.85,-2067.85,-0.98,-2546.0,-1.22
2026-02-25T12:12:36.184472Z,20902.0,21240.0,209027.0,211573.0,5181.69,5181.3,5182.0875,True,1.2671,1.266954,1.2673,True,211.1,211097.27,-2070.27,-0.98,-2546.0,-1.22
2026-02-25T12:12:52.549998Z,20902.0,21240.0,209027.0,211573.0,5181.12,5180.49,5181.7425,True,1.2671,1.266954,1.2673,True,211.07,211073.75,-2046.75,-0.97,-2546.0,-1.22
2026-02-25T13:44:35.008784Z,20979.0,21317.0,209796.0,212342.0,5188.3,5187.89,5188.7025,True,1.2671,1.266954,1.2673,True,211.37,211366.25,-1570.25,-0.74,-2546.0,-1.21
2026-02-25T14:39:38.784369Z,20979.0,21317.0,209796.0,212342.0,5163.99,5162.6499,5165.3225,True,1.2671,1.266954,1.2673,True,210.38,210375.89,-579.89,-0.28,-2546.0,-1.21
2026-02-25T15:42:52.685266Z,20926.0,21264.0,209268.0,211813.0,5191.11,5191.93,5190.295,True,1.2659,1.266954,1.2649,True,211.28,211280.71,-2012.71,-0.95,-2545.0,-1.22
2026-02-25T16:50:30.328831Z,20926.0,21264.0,209268.0,211813.0,5208.76,5209.31,5208.21,True,1.2659,1.266954,1.2649,True,212.0,211998.97,-2730.97,-1.29,-2545.0,-1.22
2026-02-25T17:58:12.919898Z,20926.0,21264.0,209268.0,211813.0,5204.9,5205.69,5204.11,True,1.2659,1.266954,1.2649,True,211.84,211841.86,-2573.86,-1.21,-2545.0,-1.22
2026-02-25T19:16:39.075122Z,20926.0,21264.0,209268.0,211813.0,5203.86,5203.43,5204.2975,True,1.2659,1.266954,1.2649,True,211.8,211799.69,-2531.69,-1.2,-2545.0,-1.22
2026-02-25T19:59:08.264164Z,20926.0,21264.0,209268.0,211813.0,5204.46,5204.39,5204.5225,True,1.2659,1.266954,1.2649,True,211.82,211823.8,-2555.8,-1.21,-2545.0,-1.22
2026-02-25T20:47:53.781385Z,20926.0,21264.0,209268.0,211813.0,5168.45,5168.97,5167.935,True,1.2659,1.266954,1.2649,True,210.36,210358.43,-1090.43,-0.52,-2545.0,-1.22
2026-02-25T21:36:04.747040Z,20926.0,21264.0,209268.0,211813.0,5169.86,5166.93,5172.7825,True,1.2659,1.266954,1.2649,True,210.42,210415.57,-1147.57,-0.55,-2545.0,-1.22
2026-02-25T22:02:26.026843Z,20926.0,21264.0,209268.0,211813.0,5164.26,5163.45,5165.07,True,1.2659,1.266954,1.2649,True,210.19,210187.8,-919.8,-0.44,-2545.0,-1.22
2026-02-25T22:52:31.475199Z,20926.0,21264.0,209268.0,211813.0,5164.26,5163.45,5165.07,True,1.2659,1.266954,1.2649,True,210.19,210187.8,-919.8,-0.44,-2545.0,-1.22
2026-02-25T23:29:06.409388Z,20926.0,21264.0,209268.0,211813.0,5170.25,5170.21,5170.29,True,1.2659,1.266954,1.2649,True,210.43,210431.59,-1163.59,-0.55,-2545.0,-1.22
2026-02-25T23:55:59.164045Z,20926.0,21264.0,209268.0,211813.0,5168.49,5168.42,5168.565,True,1.2659,1.266954,1.2649,True,210.36,210360.06,-1092.06,-0.52,-2545.0,-1.22
2026-02-26T02:23:10.472881Z,20945.0,21283.0,209463.0,212004.0,5185.67,5184.85,5186.4825,True,1.2645,1.264127,1.2649,True,210.82,210823.38,-1360.38,-0.65,-2541.0,-1.21
2026-02-26T02:24:29.633526Z,20917.0,21254.0,209179.0,211719.0,5183.68,5183.91,5183.455,True,1.2645,1.264127,1.2649,True,210.74,210742.73,-1563.73,-0.74,-2540.0,-1.21
2026-02-26T04:28:11.771380Z,20972.0,21310.0,209734.0,212277.0,5193.47,5193.21,5193.735,True,1.2645,1.264127,1.2649,True,211.14,211140.74,-1406.74,-0.67,-2543.0,-1.21
2026-02-26T05:42:05.821006Z,20981.0,21318.0,209818.0,212359.0,5199.6,5199.6,5199.61,True,1.2645,1.264127,1.2649,True,211.39,211390.06,-1572.06,-0.74,-2541.0,-1.21
2026-02-26T06:28:05.017475Z,20962.0,21300.0,209632.0,212173.0,5196.63,5198.49,5194.7725,True,1.2645,1.264127,1.2649,True,211.27,211269.16,-1637.16,-0.77,-2541.0,-1.21
2026-02-26T07:35:59.034086Z,20925.0,21263.0,209262.0,211803.0,5185.73,5186.03,5185.4225,True,1.2645,1.264127,1.2649,True,210.83,210825.82,-1563.82,-0.74,-2541.0,-1.21
